{
    "path_mode": "semi",
    "task_name": "EECS_B_128_W_2_H_7_ER_10",
	"full_samples_path": {
        "cover_train_path": "/home1/wyt/data/10.QMDCT/cover/cover_10s/128/train",
        "cover_valid_path": "/home1/wyt/data/10.QMDCT/cover/cover_10s/128/validation",
        "stego_train_path": "/home1/wyt/data/10.QMDCT/stego/EECS/EECS_B_128_W_2_H_7_ER_10/train",
        "stego_valid_path": "/home1/wyt/data/10.QMDCT/stego/EECS/EECS_B_128_W_4_H_7_ER_10/validation"
    },
    "simple_samples_path":{
        "cover_files_root": "/home1/wyt/data/10.QMDCT/cover/cover_10s",
        "stego_files_root": "/home1/wyt/data/10.QMDCT/stego"
    },
    "semi_samples_path":{
        "cover_files_path": "/home1/wyt/data/3.cover/cover_10s/128",
        "stego_files_path": "/home1/wyt/data/4.stego/EECS/EECS_B_128_W_2_H_7_ER_10"
    },
    "files_path":{
        "tfrecords_path": "/home1/wyt/code/tf_audio_steganalysis/tfrecords",
        "models_path": "/home1/wyt/code/tf_audio_steganalysis/models/steganalysis",
        "logs_path": "/home1/wyt/code/tf_audio_steganalysis/logs/steganalysis"
    },
    "index": {
        "start_index_train": null,
        "end_index_train": 8000,
        "start_index_valid": 8000,
        "end_index_valid": 10000
    },
	"mode_config": {
		"gpu_selection": "auto",
        "gpu": "0",
        "mode": "train",
        "checkpoint": false,
        "carrier": "qmdct",
        "network": "rhfcn",
        "siamese": false
    },
    "shape": {
        "height": 200,
        "width": 450,
        "channel": 1
    },
    "hyper_parameters": {
        "batch_size": 16,
        "learning_rate": 0.001,
        "epoch": 100,
        "seed": 1,
        "is_regulation": true,
        "coeff_regulation": 0.001,
        "loss_method": "sparse_softmax_cross_entropy",
        "class_num": 2
    },
    "learning_rate_method":{
        "decay_method": "exponential",
        "decay_step": 5000,
        "decay_rate": 0.9,
        "staircase": false
    },
    "model": {
        "max_to_keep": 3,
        "keep_checkpoint_every_n_hours": 0.5
    }
}